"","FishID","sortID","rep","sampleID","date_packed","weight_packed..mg.","rack","row","position","d15N","d13C","N_percentage","C_percentage","runline","runID","date_data","Notes","CN_ratio","L_kilj","d13C_kilj"
"1","G01","fin","A","G01A","28-07-2020",0.47,"1","A",1,11.41566667,-13.87533333,0.083468491,0.273019917,6,"Nick Moran 2020 0417 201025 set 1","07-11-2020",NA,3.27093390247105,2.67802313115881,-13.2854365734513
"2","G02","fin","A","G02A","28-07-2020",0.54,"1","A",2,11.19166667,-14.90733333,0.085613095,0.276656478,7,"Nick Moran 2020 0417 201025 set 1","07-11-2020",NA,3.23147385338656,1.81839534507934,-14.3981470504083
"3","G02","fin","B","G02B","28-07-2020",0.57,"1","A",3,10.61083333,-15.42833333,0.081514955,0.269382368,31,"Nick Moran 2020 0417 201025 set 2","07-11-2020",NA,3.30469872675511,3.40081646595601,-14.7709432792497
"4","G02","fin","C","G02C","28-07-2020",0.47,"1","A",4,10.75133333,-15.0608,0.097924506,0.331066465,6,"Nick Moran 2020 0417 201107 set 3","07-11-2020",NA,3.38083364954631,4.98891518876571,-14.2562894579685
"5","G03","fin","A","G03A","28-07-2020",0.53,"1","A",5,10.96866667,-14.92533333,0.085644022,0.282842315,8,"Nick Moran 2020 0417 201025 set 1","07-11-2020",NA,3.30253423875866,3.35482912574542,-14.272227494402
"6","G04","fin","A","G04A","28-07-2020",0.47,"1","A",6,11.08266667,-14.72433333,0.13287922,0.448286681,9,"Nick Moran 2020 0417 201025 set 1","07-11-2020",NA,3.37364022004344,4.84127968786951,-13.9334321442577
"7","G05","fin","A","G05A","28-07-2020",0.48,"1","A",7,9.779666667,-15.02233333,0.075873899,0.23934041,10,"Nick Moran 2020 0417 201025 set 1","07-11-2020",NA,3.15444985896929,0.0924119545342974,-14.6766591574818
"8","G06","fin","A","G06A","28-07-2020",0.48,"1","A",8,12.11966667,-15.36133333,0.075915825,0.259860529,11,"Nick Moran 2020 0417 201025 set 1","07-11-2020",NA,3.42300869416884,5.84464987363288,-14.4782096116123
"9","G06","fin","B","G06B","28-07-2020",0.47,"1","A",9,10.86183333,-15.16333333,0.097750542,0.332925601,32,"Nick Moran 2020 0417 201025 set 2","07-11-2020",NA,3.40586961655926,5.49891187827869,-14.3119159016662
"10","G06","fin","C","G06C","28-07-2020",0.47,"1","A",10,11.49233333,-15.2788,0.089274592,0.331463529,7,"Nick Moran 2020 0417 201107 set 3","07-11-2020",NA,3.71285403354182,11.3036745223322,-13.9047921132995
"11","G07","fin","A","G07A","28-07-2020",0.58,"1","A",11,10.76366667,-13.54633333,0.094835751,0.307438578,12,"Nick Moran 2020 0417 201025 set 1","07-11-2020",NA,3.24180042608615,2.04493408950711,-13.0158307346967
"12","G08","fin","A","G08A","28-07-2020",0.52,"1","A",12,10.48866667,-17.53033333,0.099132333,0.34606358,13,"Nick Moran 2020 0417 201025 set 1","07-11-2020",NA,3.49092540775773,7.18824876943361,-16.5247009230629
"13","G09","fin","A","G09A","28-07-2020",0.57,"1","B",1,11.73166667,-16.44633333,0.080013723,0.269116049,14,"Nick Moran 2020 0417 201025 set 1","07-11-2020",NA,3.36337366778946,4.62971249396718,-15.6749588824234
"14","G10","fin","A","G10A","28-07-2020",0.56,"1","B",2,11.77666667,-18.72933333,0.086976772,0.296919728,15,"Nick Moran 2020 0417 201025 set 1","07-11-2020",NA,3.41378187730398,5.65886217438776,-17.8632381687269
"15","G10","fin","B","G10B","28-07-2020",0.47,"1","B",3,11.78683333,-19.29733333,0.110223129,0.382694179,33,"Nick Moran 2020 0417 201025 set 2","07-11-2020",NA,3.47199523795047,6.81793459881549,-18.3253541393249
"16","G10","fin","C","G10C","28-07-2020",0.54,"1","B",4,11.17933333,-18.6958,0.098282951,0.344944104,8,"Nick Moran 2020 0417 201107 set 3","07-11-2020",NA,3.50970438402892,7.55247425287863,-17.6571502440988
"17","G11","fin","A","G11A","28-07-2020",0.5,"1","B",5,11.66666667,-16.59133333,0.133727089,0.462855936,16,"Nick Moran 2020 0417 201025 set 1","07-11-2020",NA,3.46119802248892,6.6052833148641,-15.638717721775
"18","G12","fin","A","G12A","28-07-2020",0.48,"1","B",6,11.59366667,-16.84333333,0.128099725,0.436541985,17,"Nick Moran 2020 0417 201025 set 1","07-11-2020",NA,3.40782921274812,5.53858064688566,-15.9882742266869
"19","G13","fin","A","G13A","28-07-2020",0.56,"1","B",7,10.97266667,-14.85033333,0.111020519,0.369737513,18,"Nick Moran 2020 0417 201025 set 1","07-11-2020",NA,3.33035295034065,3.94230161894052,-14.1425999749069
"20","G13","fin","B","G13B","28-07-2020",0.51,"1","B",8,10.46683333,-15.17533333,0.103083874,0.342093403,34,"Nick Moran 2020 0417 201025 set 2","07-11-2020",NA,3.31859280919147,3.69489435389584,-14.4905788117652
"21","G13","fin","C","G13C","28-07-2020",0.46,"1","B",9,10.31033333,-14.7068,0.093113849,0.320624496,9,"Nick Moran 2020 0417 201107 set 3","07-11-2020",NA,3.4433599238283,6.25165330638506,-13.7864473840035
"22","G14","fin","A","G14A","28-07-2020",0.53,"1","B",10,11.29266667,-17.10333333,0.118614114,0.407155682,19,"Nick Moran 2020 0417 201025 set 1","07-11-2020",NA,3.43260737082267,6.03708823281103,-16.2025942473401
"23","G14","fin","B","G14B","28-07-2020",0.57,"1","B",11,11.04183333,-17.60033333,0.126887249,0.439727222,35,"Nick Moran 2020 0417 201025 set 2","07-11-2020",NA,3.46549574890697,6.69005268590036,-16.6399954385657
"24","G14","fin","C","G14C","28-07-2020",0.56,"1","B",12,11.21733333,-17.1978,0.116581011,0.417136617,10,"Nick Moran 2020 0417 201107 set 3","07-11-2020",NA,3.57808371553752,8.85298874528159,-16.0419208750092
"25","G15","fin","A","G15A","28-07-2020",0.5,"1","C",1,10.92266667,-16.11933333,0.106224849,0.34940796,20,"Nick Moran 2020 0417 201025 set 1","07-11-2020",NA,3.28932413921342,3.07313707493023,-15.4924997822631
"26","G16","fin","A","G16A","28-07-2020",0.54,"1","C",2,9.924666667,-13.36833333,0.071365594,0.231626366,21,"Nick Moran 2020 0417 201025 set 1","07-11-2020",NA,3.24563074469751,2.12867560378056,-12.8299594766832
"27","G17","fin","A","G17A","29-07-2020",0.55,"1","C",3,10.65666667,-14.82733333,0.100119489,0.335235288,22,"Nick Moran 2020 0417 201025 set 1","07-11-2020",NA,3.34835196771729,4.31831763630414,-14.0847508762887
"28","G17","fin","B","G17B","29-07-2020",0.46,"1","C",4,11.15683333,-15.41733333,0.136338451,0.467675891,36,"Nick Moran 2020 0417 201025 set 2","07-11-2020",NA,3.43025674393206,5.99004047855249,-14.5208987533405
"29","G17","fin","C","G17C","29-07-2020",0.55,"1","C",5,11.08333333,-15.1608,0.12613167,0.448470026,11,"Nick Moran 2020 0417 201107 set 3","07-11-2020",NA,3.55557034961957,8.42919774042023,-14.0430083538519
"30","G18","fin","A","G18A","29-07-2020",0.51,"1","C",6,10.48266667,-17.94033333,0.106223811,0.352087935,27,"Nick Moran 2020 0417 201025 set 1","07-11-2020",NA,3.31458579470473,3.61028138577111,-17.2634465231205
"31","G18","fin","B","G18B","29-07-2020",0.56,"1","C",7,10.59383333,-18.11433333,0.094798586,0.310851017,37,"Nick Moran 2020 0417 201025 set 2","07-11-2020",NA,3.2790680759732,2.85321311651323,-17.5080467046583
"32","G18","fin","C","G18C","29-07-2020",0.48,"1","C",8,10.51733333,-18.3528,0.077010636,0.269262404,12,"Nick Moran 2020 0417 201107 set 3","07-11-2020",NA,3.49643137605045,7.29536048178963,-17.3374493424741
"33","G19","fin","A","G19A","29-07-2020",0.48,"1","C",9,11.78066667,-15.72233333,0.146680568,0.500642692,28,"Nick Moran 2020 0417 201025 set 1","07-11-2020",NA,3.41314939549457,5.6460977465106,-14.8574088988802
"34","G20","fin","A","G20A","29-07-2020",0.6,"1","C",10,10.37066667,-14.07833333,0.081176288,0.25939038,29,"Nick Moran 2020 0417 201025 set 1","07-11-2020",NA,3.19539592645576,1.01800137912123,-13.6447291914899
"35","G20","fin","B","G20B","29-07-2020",0.54,"1","C",11,10.47283333,-14.46033333,0.095747189,0.315873105,38,"Nick Moran 2020 0417 201025 set 2","07-11-2020",NA,3.29903267447361,3.28033383648567,-13.8141704120032
"36","G20","fin","C","G20C","29-07-2020",0.56,"1","C",12,10.29033333,-14.1528,0.100836203,0.342175888,13,"Nick Moran 2020 0417 201107 set 3","07-11-2020",NA,3.39338330698549,5.24529970373048,-13.3246880582997
"37","G21","fin","A","G21A","29-07-2020",0.48,"1","D",1,9.870666667,-15.97533333,0.115243688,0.370026143,30,"Nick Moran 2020 0417 201025 set 1","07-11-2020",NA,3.21081483438815,1.36178504358958,-15.5092138914043
"38","G22","fin","A","G22A","29-07-2020",0.47,"1","D",2,10.19366667,-16.37333333,0.105162968,0.351100197,31,"Nick Moran 2020 0417 201025 set 1","07-11-2020",NA,3.33862959250066,4.1156035222208,-15.6495272006157
"39","G23","fin","A","G23A","29-07-2020",0.55,"1","D",3,10.17166667,-16.87033333,0.103591101,0.347054358,32,"Nick Moran 2020 0417 201025 set 1","07-11-2020",NA,3.35023331782138,4.3574375606037,-16.1241304144749
"40","G24","fin","A","G24A","29-07-2020",0.6,"1","D",4,12.05566667,-16.81733333,0.119677065,0.407795125,33,"Nick Moran 2020 0417 201025 set 1","07-11-2020",NA,3.40746261616626,5.53116224347163,-15.9629551763788
"41","G24","fin","B","G24B","29-07-2020",0.55,"1","D",5,11.82233333,-17.0228,0.091332236,0.320953121,14,"Nick Moran 2020 0417 201107 set 3","07-11-2020",NA,3.51412748725434,7.63781260657744,-15.9764260536861
"42","G24","fin","C","G24C","29-07-2020",0.48,"1","D",6,11.27633333,-17.2468,0.096714138,0.344245209,15,"Nick Moran 2020 0417 201107 set 3","07-11-2020",NA,3.55940936991032,8.501764988526,-16.1224787470865
"43","G25","fin","A","G25A","29-07-2020",0.56,"1","D",7,11.50566667,-14.79633333,0.121095828,0.397004405,34,"Nick Moran 2020 0417 201025 set 1","07-11-2020",NA,3.27843173094287,2.83953232505599,-14.1913258955285
"44","G26","fin","A","G26A","29-07-2020",0.47,"1","D",8,12.86666667,-17.18833333,0.077898252,0.254675512,35,"Nick Moran 2020 0417 201025 set 1","07-11-2020",NA,3.26933538893787,2.64351501604192,-16.6016673115151
"45","G26","fin","B","G26B","29-07-2020",0.59,"1","D",9,12.58383333,-16.88733333,0.086932945,0.288715502,39,"Nick Moran 2020 0417 201025 set 2","07-11-2020",NA,3.32112873893781,3.74836086749477,-16.1976096051527
"46","G26","fin","C","G26C","29-07-2020",0.58,"1","D",10,11.85933333,-16.4838,0.047049131,0.163438241,16,"Nick Moran 2020 0417 201107 set 3","07-11-2020",NA,3.47377810229906,6.85294747435828,-15.508635296962
"47","G27","fin","A","G27A","29-07-2020",0.59,"1","D",11,11.73166667,-17.21433333,0.128782651,0.442316355,36,"Nick Moran 2020 0417 201025 set 1","07-11-2020",NA,3.43459582145114,6.07684732990123,-16.3099576745957
"48","G28","fin","A","G28A","29-07-2020",0.49,"1","D",12,12.01266667,-17.14133333,0.140456218,0.484300162,37,"Nick Moran 2020 0417 201025 set 1","07-11-2020",NA,3.44805070858451,6.34492564574208,-16.2124635759315
"49","G28","fin","B","G28B","29-07-2020",0.57,"1","E",1,11.82483333,-17.40333333,0.120399862,0.421625731,40,"Nick Moran 2020 0417 201025 set 2","07-11-2020",NA,3.5018788559741,7.40107154907168,-16.378398435942
"50","G28","fin","C","G28C","29-07-2020",0.55,"1","E",2,11.84733333,-17.2388,0.123126115,0.448298223,17,"Nick Moran 2020 0417 201107 set 3","07-11-2020",NA,3.6409678239259,10.0145278373348,-15.97908676495
"51","G29","fin","A","G29A","29-07-2020",0.53,"1","E",3,10.97866667,-16.96033333,0.123955329,0.432499498,38,"Nick Moran 2020 0417 201025 set 1","07-11-2020",NA,3.48915614592092,7.15377313673409,-15.9578304044166
"52","G30","fin","A","G30A","29-07-2020",0.57,"1","E",4,10.95566667,-13.50833333,0.103886002,0.337743284,39,"Nick Moran 2020 0417 201025 set 1","07-11-2020",NA,3.25109521492607,2.24787769391392,-12.9587629739552
"53","G31","fin","A","G31A","29-07-2020",0.49,"1","E",5,10.69566667,-17.15933333,0.127440644,0.43281234,40,"Nick Moran 2020 0417 201025 set 1","07-11-2020",NA,3.3961876401064,5.30238705847345,-16.3259718647268
"54","G32","fin","A","G32A","29-07-2020",0.46,"1","E",6,12.04066667,-16.17533333,0.132412493,0.469378015,41,"Nick Moran 2020 0417 201025 set 1","07-11-2020",NA,3.54481668886032,8.22526103358219,-15.0759091115648
"55","G33","fin","A","G33A","29-07-2020",0.48,"1","E",7,10.77266667,-15.29233333,0.107589016,0.363417532,42,"Nick Moran 2020 0417 201025 set 1","07-11-2020",NA,3.37783117191071,4.92735352332661,-14.4934960007574
"56","G34","fin","A","G34A","29-07-2020",0.49,"1","E",8,13.32166667,-21.92333333,0.073125699,0.244493457,43,"Nick Moran 2020 0417 201025 set 1","07-11-2020",NA,3.34346830653885,4.21660770936112,-21.1901684554223
"57","G34","fin","B","G34B","29-07-2020",0.48,"1","E",9,13.74833333,-22.2688,0.090363732,0.314506524,18,"Nick Moran 2020 0417 201107 set 3","07-11-2020",NA,3.48045080741021,6.98373763740339,-21.2817425661067
"58","G34","fin","C","G34C","29-07-2020",0.55,"1","E",10,13.51933333,-22.1388,0.072690384,0.24984668,19,"Nick Moran 2020 0417 201107 set 3","07-11-2020",NA,3.43713523373325,6.12757008246747,-21.2297864112596
"59","G35","fin","A","G35A","29-07-2020",0.52,"1","E",11,11.17183333,-17.96733333,0.096508419,0.340458565,6,"Nick Moran 2020 0417 201025 set 2","07-11-2020",NA,3.52776025685386,7.89977111985328,-16.8972767789053
"60","G35","fin","B","G35B","29-07-2020",0.49,"1","E",12,10.75033333,-17.5058,0.094067133,0.324121659,24,"Nick Moran 2020 0417 201107 set 3","07-11-2020",NA,3.44564194382325,6.29705443640293,-16.5813009156095
"61","G35","fin","C","G35C","29-07-2020",0.49,"1","F",1,10.63933333,-17.3608,0.110855474,0.380433669,25,"Nick Moran 2020 0417 201107 set 3","07-11-2020",NA,3.43179867689709,6.02090798078451,-16.4615411294385
"62","G36","fin","A","G36A","29-07-2020",0.49,"1","F",2,11.40083333,-17.69133333,0.12128054,0.43112866,7,"Nick Moran 2020 0417 201025 set 2","07-11-2020",NA,3.55480491759024,8.41471422249563,-16.5748452959748
"63","G37","fin","A","G37A","29-07-2020",0.51,"1","F",3,10.73383333,-18.34233333,0.096422892,0.328522908,8,"Nick Moran 2020 0417 201025 set 2","07-11-2020",NA,3.4071049020185,5.52392237072499,-17.4886197716941
"64","G38","fin","A","G38A","29-07-2020",0.56,"1","F",4,11.25183333,-15.04433333,0.098160382,0.33839709,9,"Nick Moran 2020 0417 201025 set 2","07-11-2020",NA,3.44738970147855,6.33179421365594,-14.1166623414457
"65","G41","fin","A","G41A","29-07-2020",0.6,"1","F",7,11.04783333,-15.35233333,0.136304236,0.470988368,12,"Nick Moran 2020 0417 201025 set 2","07-11-2020",NA,3.45541988878467,6.49105126639633,-14.4101310390882
"66","G41","fin","B","G41B","29-07-2020",0.52,"1","F",8,10.09833333,-15.0218,0.132189284,0.453209493,26,"Nick Moran 2020 0417 201107 set 3","07-11-2020",NA,3.42848890080984,5.95462357766479,-14.1286067082652
"67","G41","fin","C","G41C","29-07-2020",0.51,"1","F",9,10.30133333,-15.3108,0.125632483,0.433166786,27,"Nick Moran 2020 0417 201107 set 3","07-11-2020",NA,3.44788844139935,6.34170244753224,-14.3822244810403
"68","G42","fin","A","G42A","29-07-2020",0.59,"1","F",10,10.61283333,-17.41033333,0.119596267,0.409807673,13,"Nick Moran 2020 0417 201025 set 2","07-11-2020",NA,3.4265925122897,5.91659933577214,-16.5206208143912
"69","G43","fin","A","G43A","29-07-2020",0.49,"1","F",11,10.82283333,-15.38933333,0.084905664,0.292273091,14,"Nick Moran 2020 0417 201025 set 2","07-11-2020",NA,3.44232736934959,6.23109485215566,-14.4708587323638
"70","G44","fin","A","G44A","29-07-2020",0.6,"1","F",12,11.73683333,-16.80533333,0.115959268,0.401852459,15,"Nick Moran 2020 0417 201025 set 2","07-11-2020",NA,3.46546219143087,6.68939143469255,-15.8450556596886
"71","G44","fin","B","G44B","29-07-2020",0.51,"1","G",1,11.32933333,-16.4088,0.118548936,0.417907826,28,"Nick Moran 2020 0417 201107 set 3","07-11-2020",NA,3.52519255002002,7.85055468547396,-15.343189696363
"72","G44","fin","C","G44C","29-07-2020",0.54,"1","G",2,11.75933333,-16.6938,0.111612999,0.395564332,29,"Nick Moran 2020 0417 201107 set 3","07-11-2020",NA,3.54407045365746,8.21107263129836,-15.5956545950378
"73","G45","fin","A","G45A","29-07-2020",0.51,"1","G",3,10.28483333,-16.50433333,0.08342624,0.291321711,16,"Nick Moran 2020 0417 201025 set 2","07-11-2020",NA,3.49196740737686,7.20854010074857,-15.4968593463539
"74","G46","fin","A","G46A","29-07-2020",0.59,"1","G",4,11.86783333,-17.97933333,0.129881606,0.466508776,17,"Nick Moran 2020 0417 201025 set 2","07-11-2020",NA,3.5918001814668,9.10911133111502,-16.8004884877554
"75","G46","fin","B","G46B","29-07-2020",0.5,"1","G",5,11.93233333,-17.6408,0.119893053,0.422750433,30,"Nick Moran 2020 0417 201107 set 3","07-11-2020",NA,3.52606279031029,7.8672413630528,-16.573682043814
"76","G46","fin","C","G46C","29-07-2020",0.49,"1","G",6,12.17433333,-17.6888,0.101226813,0.364678687,31,"Nick Moran 2020 0417 201107 set 3","07-11-2020",NA,3.60258982963338,9.30948952310478,-16.4920155480584
"77","G47","fin","A","G47A","29-07-2020",0.46,"1","G",7,11.72483333,-18.17633333,0.129806287,0.439662866,18,"Nick Moran 2020 0417 201025 set 2","07-11-2020",NA,3.38706911784635,5.11649031324275,-17.3600737196346
"78","G48","fin","A","G48A","29-07-2020",0.48,"1","G",8,9.688833333,-13.80133333,0.090992677,0.292297022,19,"Nick Moran 2020 0417 201025 set 2","07-11-2020",NA,3.21231368981484,1.39506688800158,-13.3320701868732
"79","G49","fin","A","G49A","29-07-2020",0.55,"1","G",9,10.47983333,-15.84833333,0.114406636,0.398038776,20,"Nick Moran 2020 0417 201025 set 2","07-11-2020",NA,3.47915811456951,6.95843088643806,-14.8635762096235
"80","G49","fin","B","G49B","29-07-2020",0.56,"1","G",10,10.81233333,-15.5688,0.111957179,0.399640957,32,"Nick Moran 2020 0417 201107 set 3","07-11-2020",NA,3.56958759205607,8.69355786966426,-14.4272366371915
"81","G49","fin","C","G49C","29-07-2020",0.51,"1","G",11,10.57833333,-15.8068,0.103050518,0.364615644,33,"Nick Moran 2020 0417 201107 set 3","07-11-2020",NA,3.53822233091541,8.09971578497912,-14.7186955578046
"82","G50","fin","A","G50A","29-07-2020",0.51,"1","G",12,10.36183333,-14.88133333,0.094452949,0.306574084,21,"Nick Moran 2020 0417 201025 set 2","07-11-2020",NA,3.24578625914581,2.13207232875128,-14.3426402987812
"83","G51","fin","A","G51A","29-07-2020",0.53,"1","H",1,11.45083333,-15.58933333,0.159083738,0.546649701,26,"Nick Moran 2020 0417 201025 set 2","07-11-2020",NA,3.43623872479034,6.1096697869128,-14.6819563062457
"84","G51","fin","B","G51B","29-07-2020",0.56,"1","H",2,11.42533333,-15.3928,0.100784791,0.352446758,34,"Nick Moran 2020 0417 201107 set 3","07-11-2020",NA,3.4970232562173,7.30685885342401,-14.3764065151313
"85","G51","fin","C","G51C","29-07-2020",0.5,"1","H",3,11.15833333,-15.7678,0.115075442,0.404196116,35,"Nick Moran 2020 0417 201107 set 3","07-11-2020",NA,3.51244461003243,7.60536365125463,-14.724362563496
"86","G52","fin","A","G52A","29-07-2020",0.56,"1","H",4,11.56683333,-15.24833333,0.128829052,0.454644479,27,"Nick Moran 2020 0417 201025 set 2","07-11-2020",NA,3.52905242988204,7.9245172891802,-14.1760417531341
"87","G53","fin","A","G53A","29-07-2020",0.56,"1","H",5,12.08083333,-17.15033333,0.13899262,0.488955569,28,"Nick Moran 2020 0417 201025 set 2","07-11-2020",NA,3.51785273923177,7.70955464791772,-16.0974692909903
"88","G53","fin","B","G53B","29-07-2020",0.59,"1","H",6,12.04533333,-17.1488,0.1182859,0.419732089,36,"Nick Moran 2020 0417 201107 set 3","07-11-2020",NA,3.54845411836914,8.29435268466091,-16.0431502450887
"89","G53","fin","C","G53C","29-07-2020",0.49,"1","H",7,12.20133333,-17.0648,0.127411239,0.456206553,37,"Nick Moran 2020 0417 201107 set 3","07-11-2020",NA,3.58058328747592,8.89977880852757,-15.9047223871815
"90","G54","fin","A","G54A","29-07-2020",0.54,"1","H",8,10.87583333,-18.70133333,0.054210214,0.174409039,29,"Nick Moran 2020 0417 201025 set 2","07-11-2020",NA,3.21727265271449,1.50500776683038,-18.2216906520888
"91","G54","fin","B","G54B","29-07-2020",0.52,"1","H",9,10.77833333,-18.1878,0.055712195,0.186860249,38,"Nick Moran 2020 0417 201107 set 3","07-11-2020",NA,3.35402776717019,4.43623267723258,-17.4343077224966
"92","G54","fin","C","G54C","29-07-2020",0.6,"1","H",10,10.98433333,-18.3308,0.058971378,0.196475436,39,"Nick Moran 2020 0417 201107 set 3","07-11-2020",NA,3.33170840945925,3.97072939361147,-17.6204288163891
"93","G55","fin","A","G55A","29-07-2020",0.51,"1","H",11,11.46683333,-14.52133333,0.111931672,0.362304361,30,"Nick Moran 2020 0417 201025 set 2","07-11-2020",NA,3.2368350666646,1.93614739971508,-14.0010629198412
"94","G01","fin","B","G01B","30-11-2020",0.59,"3","A",1,11.512875,-14.033375,0.057589571,0.166777682,NA,NA,"17-04-2021","fish fin tissue; double encapsulated (4 x 6mm)",2.89597020960618,-6.2096647078412,-14.3018016515095
"95","G01","fin","C","G01C","30-11-2020",0.56,"3","A",2,11.282875,-14.085375,0.063851193,0.185622913,NA,NA,"17-04-2021","fish fin tissue; double encapsulated (4 x 6mm)",2.90711738150296,-5.92029289016477,-14.3250008580852
"96","G03","fin","B","G03B","30-11-2020",0.47,"3","A",3,10.586875,-15.162375,0.090822102,0.268616055,NA,NA,"17-04-2021","fish fin tissue; double encapsulated (4 x 6mm)",2.95760667375877,-4.63049305337852,-15.2743467200466
"97","G03","fin","C","G03C","30-11-2020",0.58,"3","A",4,10.939875,-15.261375,0.095090206,0.287078883,NA,NA,"17-04-2021","fish fin tissue; double encapsulated (4 x 6mm)",3.01901631173246,-3.10634816620511,-15.2239941692413
"98","G04","fin","B","G04B","30-11-2020",0.59,"3","A",5,11.283875,-15.215375,0.136632374,0.441605461,NA,NA,"17-04-2021","fish fin tissue; double encapsulated (4 x 6mm)",3.23207046816006,1.83151426660021,-14.7049533745207
"99","G04","fin","C","G04C","30-11-2020",0.47,"3","A",6,10.822875,-15.677375,0.104819301,0.327670662,NA,NA,"17-04-2021","fish fin tissue; double encapsulated (4 x 6mm)",3.12605272954453,-0.56052376736334,-15.3940708228962
"100","G05","fin","B","G05B","30-11-2020",0.44,"3","A",7,9.199875,-14.572375,0.076331894,0.207143083,NA,NA,"17-04-2021","fish fin tissue; double encapsulated (4 x 6mm)",2.71371601233948,-11.1930254673218,-15.3462709659681
"101","G07","fin","B","G07B","30-11-2020",0.47,"3","A",8,10.740875,-14.017375,0.121770095,0.371272272,NA,NA,"17-04-2021","fish fin tissue; double encapsulated (4 x 6mm)",3.0489610113222,-2.38027105438427,-13.9094076230628
"102","G07","fin","C","G07C","30-11-2020",0.53,"3","A",9,10.887875,-14.048375,0.107646944,0.320523311,NA,NA,"17-04-2021","fish fin tissue; double encapsulated (4 x 6mm)",2.97754213068975,-4.13043643957582,-14.1111682484347
"103","G08","fin","B","G08B","30-11-2020",0.49,"3","A",10,9.866875,-17.777375,0.088584061,0.278483946,NA,NA,"17-04-2021","fish fin tissue; double encapsulated (4 x 6mm)",3.14372521259778,-0.153106231237591,-17.4551200066208
"104","G08","fin","C","G08C","30-11-2020",0.46,"3","A",11,9.972875,-17.738375,0.114946326,0.367540052,NA,NA,"17-04-2021","fish fin tissue; double encapsulated (4 x 6mm)",3.19749281938772,1.0649056708376,-17.3003300486999
"105","G09","fin","B","G09B","30-11-2020",0.61,"3","A",12,11.635875,-16.602375,0.101225492,0.308250695,NA,NA,"17-04-2021","fish fin tissue; double encapsulated (4 x 6mm)",3.04518840965475,-2.47114173470707,-16.5032220143401
"106","G09","fin","C","G09C","30-11-2020",0.53,"3","B",1,11.764875,-16.935375,0.110098914,0.34298357,NA,NA,"17-04-2021","fish fin tissue; double encapsulated (4 x 6mm)",3.11523118202601,-0.811765327888782,-16.6761458454815
"107","G11","fin","B","G11B","30-11-2020",0.53,"3","B",2,11.400875,-17.051375,0.135190629,0.435117031,NA,NA,"17-04-2021","fish fin tissue; double encapsulated (4 x 6mm)",3.21854431936995,1.53315828869382,-16.5690758990844
"108","G11","fin","C","G11C","30-11-2020",0.45,"3","B",3,11.618875,-17.223375,0.148965271,0.485267369,NA,NA,"17-04-2021","fish fin tissue; double encapsulated (4 x 6mm)",3.25758726005339,2.38908948878843,-16.6605527330814
"109","G12","fin","B","G12B","30-11-2020",0.51,"3","B",4,11.145875,-17.579375,0.101324784,0.316362339,NA,NA,"17-04-2021","fish fin tissue; double encapsulated (4 x 6mm)",3.12226018660943,-0.648421114718295,-17.3044887116758
"110","G12","fin","C","G12C","30-11-2020",0.55,"3","B",5,11.202875,-17.680375,0.118787214,0.383545413,NA,NA,"17-04-2021","fish fin tissue; double encapsulated (4 x 6mm)",3.22884425086357,1.76052817294363,-17.1766391338762
"111","G15","fin","B","G15B","30-11-2020",0.56,"3","B",6,11.119875,-16.951375,0.13528264,0.423447598,NA,NA,"17-04-2021","fish fin tissue; double encapsulated (4 x 6mm)",3.1300956131548,-0.467005947731775,-16.6591203345476
"112","G15","fin","C","G15C","30-11-2020",0.48,"3","B",7,10.930875,-17.201375,0.121901203,0.378883995,NA,NA,"17-04-2021","fish fin tissue; double encapsulated (4 x 6mm)",3.10812351047922,-0.977518095531813,-16.958052128656
"113","G16","fin","B","G16B","30-11-2020",0.49,"3","B",8,9.738875,-13.472375,0.074629922,0.217264863,NA,NA,"17-04-2021","fish fin tissue; double encapsulated (4 x 6mm)",2.91122993536024,-5.81396004001599,-13.7014325838378
"114","G19","fin","B","G19B","30-11-2020",0.47,"3","B",9,11.189875,-16.170375,0.139339522,0.431158485,NA,NA,"17-04-2021","fish fin tissue; double encapsulated (4 x 6mm)",3.0943014502375,-1.30153500355903,-15.9581993610483
"115","G19","fin","C","G19C","30-11-2020",0.49,"3","B",10,10.972875,-16.227375,0.110078502,0.339269246,NA,NA,"17-04-2021","fish fin tissue; double encapsulated (4 x 6mm)",3.08206634207286,-1.59022050406243,-16.0430098152724
"116","G21","fin","B","G21B","30-11-2020",0.54,"3","B",11,9.428875,-16.331375,0.118791632,0.348974511,NA,NA,"17-04-2021","fish fin tissue; double encapsulated (4 x 6mm)",2.93770280889819,-5.13492040814654,-16.4931318251074
"117","G22","fin","B","G22B","30-11-2020",0.55,"3","C",1,9.741875,-16.799375,0.06485095,0.211833367,NA,NA,"17-04-2021","fish fin tissue; double encapsulated (4 x 6mm)",3.266465132739,2.58148676848726,-16.2185181607501
"118","G22","fin","C","G22C","30-11-2020",0.59,"3","C",2,9.240875,-15.760375,0.076558722,0.239879948,NA,NA,"17-04-2021","fish fin tissue; double encapsulated (4 x 6mm)",3.13328046411224,-0.393467221738623,-15.4610861258983
"119","G23","fin","B","G23B","30-11-2020",0.53,"3","C",3,9.728875,-16.457375,0.115212482,0.354583073,NA,NA,"17-04-2021","fish fin tissue; double encapsulated (4 x 6mm)",3.07764459930652,-1.69498614041385,-16.2831163080272
"120","G23","fin","C","G23C","30-11-2020",0.52,"3","C",4,9.894875,-16.453375,0.084124646,0.258909314,NA,NA,"17-04-2021","fish fin tissue; double encapsulated (4 x 6mm)",3.07768681724973,-1.69398476112019,-16.2790196722058
"121","G25","fin","B","G25B","30-11-2020",0.5,"3","C",5,11.328875,-15.604375,0.098375309,0.328566696,NA,NA,"17-04-2021","fish fin tissue; double encapsulated (4 x 6mm)",3.33993051040887,4.14278169730261,-14.8780499838262
"122","G25","fin","C","G25C","30-11-2020",0.48,"3","C",6,11.632875,-15.370375,0.10177989,0.335752184,NA,NA,"17-04-2021","fish fin tissue; double encapsulated (4 x 6mm)",3.29880670926251,3.27552220532739,-14.7246606457464
"123","G27","fin","B","G27B","30-11-2020",0.55,"3","C",7,11.274875,-17.503375,0.097138354,0.320545092,NA,NA,"17-04-2021","fish fin tissue; double encapsulated (4 x 6mm)",3.29988185717044,3.29841144919577,-16.8555269315854
"124","G27","fin","C","G27C","30-11-2020",0.53,"3","C",8,11.367875,-17.689375,0.114702909,0.392758153,NA,NA,"17-04-2021","fish fin tissue; double encapsulated (4 x 6mm)",3.4241341952365,5.86725846480363,-16.8041805431399
"125","G29","fin","B","G29B","30-11-2020",0.59,"3","C",9,10.467875,-17.118375,0.099204911,0.338161666,NA,NA,"17-04-2021","fish fin tissue; double encapsulated (4 x 6mm)",3.40871900988853,5.55658123994966,-16.2616637307672
"126","G29","fin","C","G29C","30-11-2020",0.54,"3","C",10,10.735875,-17.102375,0.118993,0.410521441,NA,NA,"17-04-2021","fish fin tissue; double encapsulated (4 x 6mm)",3.44996294740027,6.38289139451655,-16.1700399648084
"127","G30","fin","B","G30B","30-11-2020",0.6,"3","C",11,11.201875,-13.675375,0.096538967,0.312409369,NA,NA,"17-04-2021","fish fin tissue; double encapsulated (4 x 6mm)",3.23609604192264,1.91993376088104,-13.156630261146
"128","G30","fin","C","G30C","30-11-2020",0.54,"3","C",12,11.276875,-13.825375,0.12647972,0.413091095,NA,NA,"17-04-2021","fish fin tissue; double encapsulated (4 x 6mm)",3.26606585624952,2.57285137572433,-13.2453270951923
"129","G31","fin","B","G31B","30-11-2020",0.58,"3","D",1,10.935875,-17.500375,0.105664502,0.35695195,NA,NA,"17-04-2021","fish fin tissue; double encapsulated (4 x 6mm)",3.37816336843191,4.93416899195089,-16.7009094737387
"130","G31","fin","C","G31C","30-11-2020",0.58,"3","D",2,10.303875,-17.603375,0.102143133,0.339704662,NA,NA,"17-04-2021","fish fin tissue; double encapsulated (4 x 6mm)",3.32577092578509,3.84606917088374,-16.9045749328528
"131","G32","fin","B","G32B","30-11-2020",0.57,"3","D",3,11.705875,-16.276375,0.127019254,0.442263508,NA,NA,"17-04-2021","fish fin tissue; double encapsulated (4 x 6mm)",3.48186195456635,7.0113463515314,-15.2868084621828
"132","G32","fin","C","G32C","30-11-2020",0.59,"3","D",4,11.672875,-16.177375,0.122078474,0.419813695,NA,NA,"17-04-2021","fish fin tissue; double encapsulated (4 x 6mm)",3.43888386907589,6.16246328854038,-15.2651718150035
"133","G33","fin","B","G33B","30-11-2020",0.61,"3","D",5,10.252875,-14.973375,0.109890475,0.362704368,NA,NA,"17-04-2021","fish fin tissue; double encapsulated (4 x 6mm)",3.30059878256054,3.31366786502122,-14.3241049294688
"134","G33","fin","C","G33C","30-11-2020",0.48,"3","D",6,10.611875,-15.348375,0.124678765,0.422884435,NA,NA,"17-04-2021","fish fin tissue; double encapsulated (4 x 6mm)",3.39179197836937,5.21287221937662,-14.5232458728167
"135","G36","fin","B","G36B","30-11-2020",0.47,"3","D",7,11.318875,-17.593375,0.116324365,0.404522977,NA,NA,"17-04-2021","fish fin tissue; double encapsulated (4 x 6mm)",3.47754296359151,6.92679051287745,-16.6114944590962
"136","G36","fin","C","G36C","30-11-2020",0.52,"3","D",8,11.077875,-17.292375,0.143109183,0.490187766,NA,NA,"17-04-2021","fish fin tissue; double encapsulated (4 x 6mm)",3.42527122106483,5.89008665326208,-16.40509001594
"137","G37","fin","B","G37B","30-11-2020",0.45,"3","D",9,10.812875,-18.148375,0.11647634,0.38742997,NA,NA,"17-04-2021","fish fin tissue; double encapsulated (4 x 6mm)",3.32625467112033,3.85623868958914,-17.4486306139463
"138","G37","fin","C","G37C","30-11-2020",0.57,"3","D",10,10.458875,-17.947375,0.095118253,0.30589044,NA,NA,"17-04-2021","fish fin tissue; double encapsulated (4 x 6mm)",3.21589632223376,1.47452079969559,-17.4706098084495
"139","G38","fin","B","G38B","30-11-2020",0.48,"3","D",11,10.767875,-14.702375,0.112540477,0.373727989,NA,NA,"17-04-2021","fish fin tissue; double encapsulated (4 x 6mm)",3.32083174838507,3.74210254921348,-14.0132328321858
"140","G38","fin","C","G38C","30-11-2020",0.51,"3","D",12,10.793875,-14.679375,0.100025808,0.331705092,NA,NA,"17-04-2021","fish fin tissue; double encapsulated (4 x 6mm)",3.31619507637469,3.64428257751772,-13.9993260519989
"141","G39","fin","B","G39B","30-11-2020",0.54,"3","E",1,10.387875,-18.160375,0.092532843,0.310536824,NA,NA,"17-04-2021","fish fin tissue; double encapsulated (4 x 6mm)",3.35596328754321,4.47637155209001,-17.4031709772304
"142","G39","fin","C","G39C","30-11-2020",0.53,"3","E",2,10.917875,-18.055375,0.110152436,0.374875461,NA,NA,"17-04-2021","fish fin tissue; double encapsulated (4 x 6mm)",3.40324258466694,5.44567549302998,-17.2088463344923
"143","G40","fin","B","G40B","30-11-2020",0.53,"3","E",3,10.856875,-14.313375,0.120615959,0.400322804,NA,NA,"17-04-2021","fish fin tissue; double encapsulated (4 x 6mm)",3.31898703387999,3.70321023194849,-13.6278474795332
"144","G40","fin","C","G40C","30-11-2020",0.59,"3","E",4,11.012875,-14.413375,0.10948279,0.369897717,NA,NA,"17-04-2021","fish fin tissue; double encapsulated (4 x 6mm)",3.37859235227747,4.94296862524777,-13.6130984351972
"145","G42","fin","B","G42B","30-11-2020",0.59,"3","E",5,10.057875,-17.191375,0.090072915,0.300986323,NA,NA,"17-04-2021","fish fin tissue; double encapsulated (4 x 6mm)",3.34158523680509,4.1773274693563,-16.4618489431858
"146","G42","fin","C","G42C","30-11-2020",0.5,"3","E",6,10.497875,-17.509375,0.102046417,0.360489283,NA,NA,"17-04-2021","fish fin tissue; double encapsulated (4 x 6mm)",3.53260108093751,7.99240288238301,-16.4309540540111
"147","G43","fin","B","G43B","30-11-2020",0.6,"3","E",7,11.217875,-15.315375,0.084340351,0.285936136,NA,NA,"17-04-2021","fish fin tissue; double encapsulated (4 x 6mm)",3.39026495158883,5.18173251271723,-14.4931108553712
"148","G43","fin","C","G43C","30-11-2020",0.49,"3","E",8,11.076875,-15.238375,0.091774096,0.304363762,NA,NA,"17-04-2021","fish fin tissue; double encapsulated (4 x 6mm)",3.31644522001067,3.64956533449673,-14.5578348172977
"149","G45","fin","B","G45B","30-11-2020",0.5,"3","E",9,9.722375,-15.457375,0.081867114,0.258243918,NA,NA,"17-04-2021","fish fin tissue; double encapsulated (4 x 6mm)",3.15442801611402,0.0919132236429202,-15.1117483591945
"150","G47","fin","B","G47B","30-11-2020",0.47,"3","E",10,11.350375,-18.616375,0.131463329,0.443197111,NA,NA,"17-04-2021","fish fin tissue; double encapsulated (4 x 6mm)",3.37126036873751,4.79232732916685,-17.8299893876075
"151","G47","fin","C","G47C","30-11-2020",0.6,"3","E",11,11.394375,-18.532375,0.100753724,0.3408762,NA,NA,"17-04-2021","fish fin tissue; double encapsulated (4 x 6mm)",3.38326154574693,5.03863295618825,-17.7232844649643
"152","G50","fin","B","G50B","30-11-2020",0.52,"3","E",12,9.680375,-14.622375,0.069307058,0.207759717,NA,NA,"17-04-2021","fish fin tissue; double encapsulated (4 x 6mm)",2.99767041042198,-3.63071343314735,-14.6361959807609
"153","G50","fin","C","G50C","30-11-2020",0.55,"3","F",1,10.229375,-14.729375,0.082376458,0.254804106,NA,NA,"17-04-2021","fish fin tissue; double encapsulated (4 x 6mm)",3.09316656950703,-1.32823817632558,-14.5197694462027
"154","G52","fin","B","G52B","30-11-2020",0.55,"3","F",2,11.057375,-15.307375,0.112294694,0.378481288,NA,NA,"17-04-2021","fish fin tissue; double encapsulated (4 x 6mm)",3.37042895366009,4.77521271794858,-14.5225684694632
"155","G52","fin","C","G52C","30-11-2020",0.52,"3","F",3,11.438375,-15.205375,0.127772964,0.427425669,NA,NA,"17-04-2021","fish fin tissue; double encapsulated (4 x 6mm)",3.34519647677579,4.25262623443072,-14.468874326963
"156","G55","fin","B","G55B","30-11-2020",0.5,"3","F",4,11.074375,-14.568375,0.080576836,0.247433538,NA,NA,"17-04-2021","fish fin tissue; double encapsulated (4 x 6mm)",3.07077753710756,-1.8581503029661,-14.4098711582029
"157","G55","fin","C","G55C","30-11-2020",0.56,"3","F",5,11.294375,-14.558375,0.089765743,0.278724838,NA,NA,"17-04-2021","fish fin tissue; double encapsulated (4 x 6mm)",3.10502457490938,-1.0499695880059,-14.3220106487541
