"","FishID","PITID","Treatment","Sex","TL","SL","Weight","ConditionFactor","InfectionScore","Date","TimeLoaded","TrialType","TrialDay","TrialRound","ArenaID","UniqueID","TankID","TankID.combo","avespeed_tot","avespeed_mob","propmoving","dist","timefrozen_tot","centretime50","centretime75","centretime100","centrescore","Notes"
"1","K01",NA,"Control","M",13.9,11.2,43,1.6011206355034,2,"12-11-2020","13:05","ACT","Day 2",4,"F","ACT5_4F","D_1","D",10.4,46.29,0.21,12979,913,8.3,0.766666666666667,0.0333333333333333,1.13502777777778,""
"2","K01",NA,"Control","M",13.9,11.2,43,1.6011206355034,2,"10-11-2020","10:30","ACT","Day 0",1,"A","ACT4_1A","D_1","D",15.01,56.63,0.25,18493,893,4.3,0,0,1.26536111111111,""
"3","K01",NA,"Control","M",13.9,11.2,43,1.6011206355034,2,"20-11-2020","13:18","ACT","Day 10",3,"E","ACT6_3E","D_1","D",7.6,61.02,0.1,9538,1101,8.36666666666667,1.43333333333333,0.433333333333333,1.61552777777778,""
"4","K02","1476","PIT+clip","M",15.8,13.4,53,1.34370709010849,2,"10-11-2020","10:30","ACT","Day 0",1,"B","ACT4_1B","D_1","D",21.47,54.85,0.38,26728,741,221.2,106.9,24.9333333333333,2.26834760369176,"some fin and scale loss"
"5","K02","1476","PIT+clip","M",15.8,13.4,53,1.34370709010849,2,"20-11-2020","13:18","ACT","Day 10",3,"B","ACT6_3B","D_1","D",6.57,34.32,0.15,8460,1097,1082.03333333333,552.2,249.033333333333,3.56780555555556,"some fin and scale loss"
"6","K02","1476","PIT+clip","M",15.8,13.4,53,1.34370709010849,2,"12-11-2020","13:05","ACT","Day 2",4,"D","ACT5_4D","D_1","D",13.19,40.66,0.3,16926,840,353.333333333333,111.266666666667,64.7,2.30805555555556,"some fin and scale loss"
"7","K03","1340","PITtagged","M",13.6,11.5,41,1.62992316303684,1,"12-11-2020","13:05","ACT","Day 2",4,"A","ACT5_4A","D_1","D",0.95,6.82,0.02,1381,1200,0,0,0,1.97769444444444,""
"8","K03","1340","PITtagged","M",13.6,11.5,41,1.62992316303684,1,"10-11-2020","10:30","ACT","Day 0",1,"C","ACT4_1C","D_1","D",7.55,52.99,0.13,9395,1091,267.3,145.266666666667,42.8333333333333,2.37683333333333,""
"9","K04","1262","PITtagged","F",13.5,11.3,37,1.50383579738861,3,"20-11-2020","13:18","ACT","Day 10",3,"D","ACT6_3D","D_1","D",11.74,34.44,0.31,15140,864,160.966666666667,40.5,22.1333333333333,1.99052777777778,""
"10","K04","1262","PITtagged","F",13.5,11.3,37,1.50383579738861,3,"12-11-2020","13:05","ACT","Day 2",4,"E","ACT5_4E","D_1","D",22.29,42.48,0.51,27906,473,596.766666666667,301.366666666667,172.266666666667,2.81352777777778,""
"11","K04","1262","PITtagged","F",13.5,11.3,37,1.50383579738861,3,"10-11-2020","10:30","ACT","Day 0",1,"D","ACT4_1D","D_1","D",18.67,47.05,0.38,23246,695,415.666666666667,195.366666666667,69.7666666666667,2.43405555555556,""
"12","K05","1370","PIT+clip","M",13.9,11.8,42,1.56388527188704,1,"10-11-2020","10:30","ACT","Day 0",1,"E","ACT4_1E","D_1","D",21.04,38.08,0.53,26649,517,149.8,54.7666666666667,35.4333333333333,1.97147222222222,""
"13","K05","1370","PIT+clip","M",13.9,11.8,42,1.56388527188704,1,"20-11-2020","13:18","ACT","Day 10",3,"C","ACT6_3C","D_1","D",2.98,14.92,0.09,4079,1178,566.466666666667,91,2,2.54955555555556,""
"14","K05","1370","PIT+clip","M",13.9,11.8,42,1.56388527188704,1,"12-11-2020","13:05","ACT","Day 2",4,"C","ACT5_4C","D_1","D",14.69,30.11,0.46,18753,690,183.666666666667,111.7,81.3,2.10202777777778,""
"15","K06",NA,"Control","F",12.8,10.7,35,1.66893005371094,2,"12-11-2020","13:05","ACT","Day 2",4,"B","ACT5_4B","D_1","D",17.46,41.46,0.4,22302,760,234.466666666667,85.9666666666667,29.9666666666667,2.08313888888889,""
"16","K06",NA,"Control","F",12.8,10.7,35,1.66893005371094,2,"20-11-2020","13:18","ACT","Day 10",3,"F","ACT6_3F","D_1","D",1.92,11.44,0.03,2713,1196,0,0,0,1.95908333333333,""
"17","K06",NA,"Control","F",12.8,10.7,35,1.66893005371094,2,"10-11-2020","10:30","ACT","Day 0",1,"F","ACT4_1F","D_1","D",19.08,46.08,0.4,23829,717,314.7,149.866666666667,76.8666666666667,2.37043536391744,""
"18","K07","1351","PITtagged","M",12.6,11,29,1.44972745123917,1,"12-11-2020","13:05","ACT","Day 2",4,"G","ACT5_4G","D_2","D",1.57,44.11,0.02,2055,1189,31.9666666666667,30.2666666666667,2.86666666666667,2.05163888888889,"some scale damage"
"19","K07","1351","PITtagged","M",12.6,11,29,1.44972745123917,1,"10-11-2020","10:30","ACT","Day 0",1,"G","ACT4_1G","D_2","D",1.17,15.13,0.02,1652,1191,7.16666666666667,6.2,5.16666666666667,2.01166666666667,"some scale damage"
"20","K08","1439","PITtagged","M",12.9,11.1,36,1.67700118647834,1,"12-11-2020","14:10","ACT","Day 2",5,"B","ACT5_5B","D_2","D",14.81,54.8,0.26,18351,846,202.733333333333,135.633333333333,60.8333333333333,1.70436111111111,"some scale damage"
"21","K08","1439","PITtagged","M",12.9,11.1,36,1.67700118647834,1,"10-11-2020","10:30","ACT","Day 0",1,"H","ACT4_1H","D_2","D",35.66,60.42,0.58,43739,449,759.866666666667,438.333333333333,226.566666666667,3.07475,"some scale damage"
"22","K08","1439","PITtagged","M",12.9,11.1,36,1.67700118647834,1,"20-11-2020","13:18","ACT","Day 10",3,"H","ACT6_3H","D_2","D",6.57,34.32,0.15,8460,1097,1082.03333333333,552.2,249.033333333333,3.56780555555556,"some scale damage"
"23","K09","1422","PIT+clip","M",17.2,14.7,84,1.65079804293962,2,"12-11-2020","14:10","ACT","Day 2",5,"D","ACT5_5D","D_2","D",11.81,47.34,0.23,14980,954,342.366666666667,99.6666666666667,79.1666666666667,2.42077777777778,"some scale damage"
"24","K09","1422","PIT+clip","M",17.2,14.7,84,1.65079804293962,2,"10-11-2020","12:00","ACT","Day 0",2,"A","ACT4_2A","D_2","D",37.22,58.46,0.62,46538,382,398.4,165,73.1666666666667,2.47997222222222,"some scale damage"
"25","K10","1376","PIT+clip","M",13.9,11.9,44,1.63835599911976,2,"20-11-2020","14:19","ACT","Day 10",4,"A","ACT6_4A","D_2","D",1.98,6.21,0.06,2938,1200,1200,1200,1200,5,""
"26","K10","1376","PIT+clip","M",13.9,11.9,44,1.63835599911976,2,"12-11-2020","14:10","ACT","Day 2",5,"A","ACT5_5A","D_2","D",31.24,55.06,0.55,38771,418,480.133333333333,179.6,88.7333333333333,2.55844625615626,""
"27","K10","1376","PIT+clip","M",13.9,11.9,44,1.63835599911976,2,"10-11-2020","12:00","ACT","Day 0",2,"B","ACT4_2B","D_2","D",25.9,52.36,0.48,31944,506,386.533333333333,165.333333333333,61.4666666666667,2.47601547927281,""
"28","K11",NA,"Control","M",15,12.8,60,1.77777777777778,1,"20-11-2020","13:18","ACT","Day 10",3,"G","ACT6_3G","D_2","D",3.12,26.75,0.07,4229,1164,369.7,178.8,12.6666666666667,2.46763888888889,""
"29","K11",NA,"Control","M",15,12.8,60,1.77777777777778,1,"10-11-2020","12:00","ACT","Day 0",2,"C","ACT4_2C","D_2","D",31.36,51.54,0.59,38890,334,192.366666666667,72.1333333333333,29.2666666666667,2.07675,""
"30","K11",NA,"Control","M",15,12.8,60,1.77777777777778,1,"12-11-2020","13:05","ACT","Day 2",4,"H","ACT5_4H","D_2","D",37.57,58.51,0.63,46309,272,163.833333333333,47.9,14.5333333333333,2.00925,""
"31","K12",NA,"Control","M",15,12.9,48,1.42222222222222,2,"12-11-2020","14:10","ACT","Day 2",5,"C","ACT5_5C","D_2","D",1.64,7.54,0.03,2375,1198,0,0,0,1.10963888888889,"darker"
"32","K12",NA,"Control","M",15,12.9,48,1.42222222222222,2,"10-11-2020","12:00","ACT","Day 0",2,"D","ACT4_2D","D_2","D",1.92,7.98,0.04,2804,1191,0,0,0,1.2705,"darker"
"33","K13","1264","PIT+clip","F",13.8,11.5,40,1.52202831581479,3,"10-11-2020","12:00","ACT","Day 0",2,"E","ACT4_2E","D_3","D",35.8,58.28,0.6,44102,322,639.3,443.166666666667,259.8,3.03261111111111,""
"34","K13","1264","PIT+clip","F",13.8,11.5,40,1.52202831581479,3,"12-11-2020","14:10","ACT","Day 2",5,"E","ACT5_5E","D_3","D",34.14,54.71,0.61,42233,363,508.033333333333,356.2,251.366666666667,2.78625,""
"35","K13","1264","PIT+clip","F",13.8,11.5,40,1.52202831581479,3,"20-11-2020","14:19","ACT","Day 10",4,"D","ACT6_4D","D_3","D",11.94,46.75,0.23,14984,1010,965.966666666667,639.466666666667,339.366666666667,3.60580555555556,""
"36","K14","1265","PIT+clip","M",17.1,14.9,72,1.4399392345643,1,"20-11-2020","14:19","ACT","Day 10",4,"E","ACT6_4E","D_3","D",1.9,11.32,0.04,2745,1191,0.166666666666667,0,0,1.75480555555556,""
"37","K14","1265","PIT+clip","M",17.1,14.9,72,1.4399392345643,1,"12-11-2020","14:10","ACT","Day 2",5,"F","ACT5_5F","D_3","D",27.31,40.92,0.64,35745,264,235,95.1,51.5,2.24629729652898,""
"38","K14","1265","PIT+clip","M",17.1,14.9,72,1.4399392345643,1,"10-11-2020","12:00","ACT","Day 0",2,"F","ACT4_2F","D_3","D",36.6,54.33,0.66,45820,299,337.533333333333,131.533333333333,65.9666666666667,2.37079947133095,""
"39","K15","1375","PITtagged","M",13.6,11.3,39,1.55041471605943,1,"10-11-2020","12:00","ACT","Day 0",2,"G","ACT4_2G","D_3","D",62.42,76.37,0.81,76174,0,178.266666666667,71.9,33.0666666666667,1.97127777777778,"minor scale damage"
"40","K15","1375","PITtagged","M",13.6,11.3,39,1.55041471605943,1,"20-11-2020","14:19","ACT","Day 10",4,"C","ACT6_4C","D_3","D",7.08,35.46,0.15,9001,1129,1117.43333333333,546.966666666667,224.733333333333,3.57344444444444,"minor scale damage"
"41","K15","1375","PITtagged","M",13.6,11.3,39,1.55041471605943,1,"12-11-2020","15:15","ACT","Day 2",6,"A","ACT5_6A","D_3","D",42.46,57.05,0.73,52319,152,177.066666666667,55.1666666666667,32.7,1.95760866491332,"minor scale damage"
"42","K16",NA,"Control","M",12.9,10.8,30,1.39750098873195,1,"12-11-2020","14:10","ACT","Day 2",5,"G","ACT5_5G","D_3","D",5.23,46.44,0.1,6544,1099,121.766666666667,32.4,8.93333333333333,1.81541666666667,""
"43","K16",NA,"Control","M",12.9,10.8,30,1.39750098873195,1,"10-11-2020","12:00","ACT","Day 0",2,"H","ACT4_2H","D_3","D",27.82,51.17,0.53,34467,472,164.466666666667,49.9,24.7666666666667,1.96947222222222,""
"44","K16",NA,"Control","M",12.9,10.8,30,1.39750098873195,1,"20-11-2020","14:19","ACT","Day 10",4,"F","ACT6_4F","D_3","D",1.86,7.25,0.07,2667,1197,0,0,0,1.63805555555556,""
"45","K17",NA,"Control","M",16.8,14.1,71,1.49737474354821,1,"10-11-2020","13:20","ACT","Day 0",3,"A","ACT4_3A","D_3","D",32.19,51.21,0.61,40274,398,279.966666666667,39.2333333333333,8.5,2.16197222222222,""
"46","K17",NA,"Control","M",16.8,14.1,71,1.49737474354821,1,"12-11-2020","14:10","ACT","Day 2",5,"H","ACT5_5H","D_3","D",28.41,47.84,0.58,36118,435,121.833333333333,47.0666666666667,17.4666666666667,1.95966666666667,""
"47","K17",NA,"Control","M",16.8,14.1,71,1.49737474354821,1,"20-11-2020","14:19","ACT","Day 10",4,"B","ACT6_4B","D_3","D",2.46,6.75,0.07,3436,1200,1200,0,0,3,""
"48","K18","1380","PITtagged","M",13.3,11.2,38,1.61520880611841,2,"10-11-2020","13:20","ACT","Day 0",3,"B","ACT4_3B","D_3","D",34.63,67.54,0.5,42384,568,272.066666666667,90.0666666666667,45.3,2.24011472488305,"small wound"
"49","K18","1380","PITtagged","M",13.3,11.2,38,1.61520880611841,2,"12-11-2020","15:15","ACT","Day 2",6,"B","ACT5_6B","D_3","D",15.57,53.03,0.28,19257,918,451.066666666667,161.7,78.1333333333333,2.49652777777778,"small wound"
"50","K19","1256","PITtagged","M",12.1,10.7,21,1.18539525311293,1,"12-11-2020","15:15","ACT","Day 2",6,"G","ACT5_6G","D_4","D",17.89,46,0.37,22375,803,267.833333333333,115.966666666667,48.6666666666667,2.21173199888796,""
"51","K19","1256","PITtagged","M",12.1,10.7,21,1.18539525311293,1,"10-11-2020","13:20","ACT","Day 0",3,"C","ACT4_3C","D_4","D",28.21,56.51,0.48,35070,595,118.7,42.7,15.3333333333333,1.88559156579461,""
"52","K20",NA,"Control","M",11.5,9.9,30,1.97254869729596,2,"10-11-2020","13:20","ACT","Day 0",3,"D","ACT4_3D","D_4","D",29.58,46.21,0.63,36745,282,451.566666666667,248.966666666667,156.133333333333,2.51755555555556,""
"53","K20",NA,"Control","M",11.5,9.9,30,1.97254869729596,2,"12-11-2020","15:15","ACT","Day 2",6,"F","ACT5_6F","D_4","D",30.09,42.8,0.69,37608,226,222.466666666667,137.5,84.8666666666667,1.99765926845089,""
"54","K20",NA,"Control","M",11.5,9.9,30,1.97254869729596,2,"20-11-2020","14:19","ACT","Day 10",4,"H","ACT6_4H","D_4","D",16.4,45.29,0.34,20562,867,535.233333333333,326.5,134.666666666667,2.68272222222222,""
"55","K21","1434","PITtagged","F",10.1,8.7,14,1.3588262070987,1,"10-11-2020","13:20","ACT","Day 0",3,"E","ACT4_3E","D_4","D",29.54,51.9,0.55,36574,484,76,13.1666666666667,4.36666666666667,1.60275574827409,""
"56","K21","1434","PITtagged","F",10.1,8.7,14,1.3588262070987,1,"20-11-2020","15:04","ACT","Day 10",5,"B","ACT6_5B","D_4","D",3.98,33.91,0.08,5154,1171,647.133333333333,28.1666666666667,24.6666666666667,2.58075,""
"57","K21","1434","PITtagged","F",10.1,8.7,14,1.3588262070987,1,"12-11-2020","15:15","ACT","Day 2",6,"H","ACT5_6H","D_4","D",22.88,43.77,0.49,28511,559,216.066666666667,78.6333333333333,40.7333333333333,1.79311439455154,""
"58","K22","1332","PIT+clip","M",13.4,11.5,39,1.62087756805192,3,"20-11-2020","15:04","ACT","Day 10",5,"A","ACT6_5A","D_4","D",7.55,38.34,0.16,9655,1090,1020.26666666667,579.6,503.166666666667,3.73747222222222,"some scale loss and some bleeding with PIT"
"59","K22","1332","PIT+clip","M",13.4,11.5,39,1.62087756805192,3,"12-11-2020","15:15","ACT","Day 2",6,"E","ACT5_6E","D_4","D",20.49,42.11,0.47,25557,609,251.733333333333,160.766666666667,116.3,2.20820127884348,"some scale loss and some bleeding with PIT"
"60","K22","1332","PIT+clip","M",13.4,11.5,39,1.62087756805192,3,"10-11-2020","13:20","ACT","Day 0",3,"F","ACT4_3F","D_4","D",36.34,57.59,0.62,44741,385,297.6,105.5,41.2333333333333,2.2443720049036,"some scale loss and some bleeding with PIT"
"61","K23",NA,"Control","M",13.5,11.2,32,1.30061474368745,3,"10-11-2020","13:20","ACT","Day 0",3,"G","ACT4_3G","D_4","D",68.97,87.81,0.78,84544,118,279.233333333333,88.9666666666667,29.3666666666667,2.15447018482897,"reproductive; changed treatment group for cont fish could be differentiated"
"62","K23",NA,"Control","M",13.5,11.2,32,1.30061474368745,3,"20-11-2020","14:19","ACT","Day 10",4,"G","ACT6_4G","D_4","D",13.64,51.34,0.24,17182,980,481.933333333333,112.8,42.5666666666667,2.50341666666667,"reproductive; changed treatment group for cont fish could be differentiated"
"63","K23",NA,"Control","M",13.5,11.2,32,1.30061474368745,3,"12-11-2020","15:15","ACT","Day 2",6,"D","ACT5_6D","D_4","D",47.83,66.23,0.71,59539,240,182.1,73.6666666666667,14.9666666666667,1.85062807987011,"reproductive; changed treatment group for cont fish could be differentiated"
"64","K24","1317","PIT+clip","F",12.7,10.8,32,1.56220784882515,3,"20-11-2020","15:04","ACT","Day 10",5,"C","ACT6_5C","D_4","D",16.42,65.01,0.23,20214,984,460.9,195.333333333333,46.2333333333333,2.56778788637565,"significant scale loss; changed treatment group for cont fish could be differentiated"
"65","K24","1317","PIT+clip","F",12.7,10.8,32,1.56220784882515,3,"10-11-2020","13:20","ACT","Day 0",3,"H","ACT4_3H","D_4","D",28.84,58.22,0.48,35465,484,226.3,117.533333333333,73.9333333333333,1.98247222222222,"significant scale loss; changed treatment group for cont fish could be differentiated"
"66","K24","1317","PIT+clip","F",12.7,10.8,32,1.56220784882515,3,"12-11-2020","15:15","ACT","Day 2",6,"C","ACT5_6C","D_4","D",25.14,48.78,0.5,30919,526,283.633333333333,140.566666666667,86.4333333333333,2.17706501409709,"significant scale loss; changed treatment group for cont fish could be differentiated"
"67","K25","1381","PITtagged","M",11.8,10,28,1.70416644350201,2,"12-11-2020","09:35","ACT","Day 2",1,"B","ACT5_1B","E_1","E",27.43,44.28,0.6,34515,292,456.4,278.866666666667,194.333333333333,2.60174184034058,"some scale loss"
"68","K25","1381","PITtagged","M",11.8,10,28,1.70416644350201,2,"10-11-2020","14:45","ACT","Day 0",4,"A","ACT4_4A","E_1","E",49.7,60.99,0.81,61143,66,350,221.533333333333,137.266666666667,2.29415252562329,"some scale loss"
"69","K26",NA,"Control","F",12.2,10.4,24,1.32169652966548,1,"10-11-2020","14:45","ACT","Day 0",4,"B","ACT4_4B","E_1","E",1.28,8.9,0.06,1838,1200,0,0,0,1.75630555555556,"significant scale loss"
"70","K26",NA,"Control","F",12.2,10.4,24,1.32169652966548,1,"12-11-2020","09:35","ACT","Day 2",1,"F","ACT5_1F","E_1","E",1.2,6.8,0.05,1790,1200,0,0,0,1,"significant scale loss"
"71","K27","1263","PITtagged","M",15.5,13.3,60,1.61122486657044,1,"20-11-2020","11:18","ACT","Day 10",1,"B","ACT6_1B","E_1","E",2.44,6.16,0.06,3474,1200,0,0,0,2,""
"72","K27","1263","PITtagged","M",15.5,13.3,60,1.61122486657044,1,"12-11-2020","09:35","ACT","Day 2",1,"C","ACT5_1C","E_1","E",1.38,58.67,0.01,1828,1182,23.8666666666667,8,1.13333333333333,1.868,""
"73","K27","1263","PITtagged","M",15.5,13.3,60,1.61122486657044,1,"10-11-2020","14:45","ACT","Day 0",4,"C","ACT4_4C","E_1","E",1.15,11.71,0.02,1688,1189,0.133333333333333,0,0,1.37686111111111,""
"74","K28","1321","PIT+clip","F",14.7,12.3,58,1.82589579864525,2,"12-11-2020","09:35","ACT","Day 2",1,"E","ACT5_1E","E_1","E",11.71,35.62,0.31,14686,791,456.3,279.1,180.1,2.69975,"minor scale loss"
"75","K28","1321","PIT+clip","F",14.7,12.3,58,1.82589579864525,2,"10-11-2020","14:45","ACT","Day 0",4,"D","ACT4_4D","E_1","E",20.67,42.47,0.47,25581,589,597.466666666667,313.266666666667,198.466666666667,2.82697222222222,"minor scale loss"
"76","K28","1321","PIT+clip","F",14.7,12.3,58,1.82589579864525,2,"20-11-2020","11:18","ACT","Day 10",1,"C","ACT6_1C","E_1","E",1.42,5.69,0.01,2005,1200,0,0,0,2,"minor scale loss"
"77","K29","1496","PIT+clip","F",14.4,12.1,49,1.64100008573388,2,"20-11-2020","11:18","ACT","Day 10",1,"A","ACT6_1A","E_1","E",16.44,45.37,0.33,20408,877,175.166666666667,58.6,17.9,2.15622222222222,"minor scale loss"
"78","K29","1496","PIT+clip","F",14.4,12.1,49,1.64100008573388,2,"12-11-2020","09:35","ACT","Day 2",1,"A","ACT5_1A","E_1","E",40.01,57.82,0.68,49260,247,272.333333333333,93.7,43.7333333333333,2.1755,"minor scale loss"
"79","K29","1496","PIT+clip","F",14.4,12.1,49,1.64100008573388,2,"10-11-2020","14:45","ACT","Day 0",4,"E","ACT4_4E","E_1","E",52.54,67.74,0.77,64308,109,275.766666666667,103.733333333333,55,2.18480618430566,"minor scale loss"
"80","K30",NA,"Control","M",14.1,12,48,1.71231593941398,2,"12-11-2020","09:35","ACT","Day 2",1,"D","ACT5_1D","E_1","E",6.64,44.3,0.13,8417,1090,114.133333333333,53.6,47.0333333333333,1.73569444444444,""
"81","K30",NA,"Control","M",14.1,12,48,1.71231593941398,2,"10-11-2020","14:45","ACT","Day 0",4,"F","ACT4_4F","E_1","E",2.53,46.39,0.04,3263,1167,163.333333333333,3.46666666666667,1.46666666666667,1.34963888888889,""
"82","K31","1371","PIT+clip","F",13.9,11.8,41,1.52664990827068,3,"20-11-2020","11:18","ACT","Day 10",1,"D","ACT6_1D","E_2","E",2.61,17.88,0.07,3628,1170,12.0333333333333,3.83333333333333,3.43333333333333,1.23294444444444,""
"83","K31","1371","PIT+clip","F",13.9,11.8,41,1.52664990827068,3,"12-11-2020","10:45","ACT","Day 2",2,"B","ACT5_2B","E_2","E",0.63,5.38,0,980,1200,0,0,0,1,""
"84","K31","1371","PIT+clip","F",13.9,11.8,41,1.52664990827068,3,"10-11-2020","14:45","ACT","Day 0",4,"G","ACT4_4G","E_2","E",1.34,34.31,0.02,1870,1181,1.6,0,0,1.01594444444444,""
"85","K32","1421","PITtagged","M",14.4,12.2,57,1.90891846707819,2,"10-11-2020","14:45","ACT","Day 0",4,"H","ACT4_4H","E_2","E",23.33,48.02,0.47,29145,631,283.066666666667,96.6666666666667,33.8333333333333,2.15988888888889,""
"86","K32","1421","PITtagged","M",14.4,12.2,57,1.90891846707819,2,"12-11-2020","10:45","ACT","Day 2",2,"C","ACT5_2C","E_2","E",23.92,50.82,0.46,29909,656,192.866666666667,64.9666666666667,25.2666666666667,2.09242786456886,""
"87","K32","1421","PITtagged","M",14.4,12.2,57,1.90891846707819,2,"20-11-2020","11:18","ACT","Day 10",1,"G","ACT6_1G","E_2","E",2.65,5.92,0.07,3626,1200,0,0,0,2,""
"88","K33",NA,"Control","M",15,13,63,1.86666666666667,1,"10-11-2020","16:00","ACT","Day 0",5,"A","ACT4_5A","E_2","E",15.56,41.93,0.35,19695,781,264.8,102.133333333333,81.2333333333333,2.1501640985704,""
"89","K33",NA,"Control","M",15,13,63,1.86666666666667,1,"12-11-2020","09:35","ACT","Day 2",1,"G","ACT5_1G","E_2","E",5.09,39.57,0.11,6628,1100,987.5,959.2,16.7666666666667,3.59307852675469,""
"90","K33",NA,"Control","M",15,13,63,1.86666666666667,1,"20-11-2020","11:18","ACT","Day 10",1,"F","ACT6_1F","E_2","E",2.44,6.1,0.07,3406,1200,0,0,0,2,""
"91","K34",NA,"Control","F",13.2,11.3,31,1.34784483958038,2,"10-11-2020","16:00","ACT","Day 0",5,"B","ACT4_5B","E_2","E",7.67,49.33,0.14,9633,1040,12.8333333333333,2.43333333333333,1.16666666666667,1.19669444444444,""
"92","K34",NA,"Control","F",13.2,11.3,31,1.34784483958038,2,"12-11-2020","10:45","ACT","Day 2",2,"D","ACT5_2D","E_2","E",12.62,49.55,0.24,15657,909,26.7333333333333,17.4333333333333,9.06666666666667,1.25533333333333,""
"93","K35","1442","PIT+clip","F",14.6,12.4,55,1.76727495199439,2,"10-11-2020","16:00","ACT","Day 0",5,"C","ACT4_5C","E_2","E",0.94,17.86,0.01,1400,1190,0,0,0,1.00175,""
"94","K35","1442","PIT+clip","F",14.6,12.4,55,1.76727495199439,2,"20-11-2020","11:18","ACT","Day 10",1,"H","ACT6_1H","E_2","E",8.07,45.31,0.14,10225,1086,36.6333333333333,14.1333333333333,10.8666666666667,1.41155555555556,""
"95","K35","1442","PIT+clip","F",14.6,12.4,55,1.76727495199439,2,"12-11-2020","09:35","ACT","Day 2",1,"H","ACT5_1H","E_2","E",31.95,73.88,0.42,38958,650,187.3,58.6,21.8,1.76733333333333,""
"96","K36","1419","PITtagged","F",12.5,10.6,31,1.5872,2,"10-11-2020","16:00","ACT","Day 0",5,"D","ACT4_5D","E_2","E",30.2,46.26,0.63,37936,333,199.766666666667,69.3,33.9,1.83397848238174,""
"97","K36","1419","PITtagged","F",12.5,10.6,31,1.5872,2,"20-11-2020","11:18","ACT","Day 10",1,"E","ACT6_1E","E_2","E",6.38,28.21,0.17,8298,1080,105.633333333333,54.3,40.0666666666667,2.03638888888889,""
"98","K36","1419","PITtagged","F",12.5,10.6,31,1.5872,2,"12-11-2020","10:45","ACT","Day 2",2,"A","ACT5_2A","E_2","E",28.55,43.44,0.63,36134,355,226.933333333333,118.966666666667,77.6666666666667,1.96577848933615,""
"99","K37","1322","PITtagged","M",13.7,11.8,45,1.75005143206709,2,"12-11-2020","10:45","ACT","Day 2",2,"H","ACT5_2H","E_3","E",11,38.17,0.26,13923,924,128.433333333333,70.9666666666667,13.2333333333333,1.86841666666667,""
"100","K37","1322","PITtagged","M",13.7,11.8,45,1.75005143206709,2,"20-11-2020","12:20","ACT","Day 10",2,"A","ACT6_2A","E_3","E",2.29,7.26,0.09,3292,1200,1200,91.9,0,3.07658333333333,""
"101","K37","1322","PITtagged","M",13.7,11.8,45,1.75005143206709,2,"10-11-2020","16:00","ACT","Day 0",5,"E","ACT4_5E","E_3","E",22.89,49.75,0.44,28481,635,199.533333333333,64.0333333333333,21.3333333333333,1.99255555555556,""
"102","K38","1270","PIT+clip","F",18.6,15.7,86,1.33647124349014,2,"20-11-2020","12:20","ACT","Day 10",2,"B","ACT6_2B","E_3","E",5.05,26.76,0.12,6669,1115,194.4,32.2666666666667,2.23333333333333,2.08202777777778,""
"103","K38","1270","PIT+clip","F",18.6,15.7,86,1.33647124349014,2,"10-11-2020","16:00","ACT","Day 0",5,"F","ACT4_5F","E_3","E",28.16,51.97,0.52,35395,557,205.133333333333,17.0333333333333,4.56666666666667,2.06910512355158,""
"104","K38","1270","PIT+clip","F",18.6,15.7,86,1.33647124349014,2,"12-11-2020","10:45","ACT","Day 2",2,"F","ACT5_2F","E_3","E",13.67,46.54,0.27,17284,890,42.2666666666667,1.13333333333333,0,1.6465,""
"105","K39",NA,"Control","F",14.3,12.2,49,1.67566796741818,2,"12-11-2020","11:55","ACT","Day 2",3,"A","ACT5_3A","E_3","E",22.97,49.22,0.45,28352,622,167.1,77.0666666666667,29.9333333333333,1.84758333333333,""
"106","K39",NA,"Control","F",14.3,12.2,49,1.67566796741818,2,"10-11-2020","16:00","ACT","Day 0",5,"G","ACT4_5G","E_3","E",12.53,54.66,0.21,15663,963,10.1333333333333,3.26666666666667,0.633333333333333,1.63713888888889,""
"107","K39",NA,"Control","F",14.3,12.2,49,1.67566796741818,2,"20-11-2020","12:20","ACT","Day 10",2,"E","ACT6_2E","E_3","E",9.01,43.77,0.17,11413,1040,269.433333333333,246.833333333333,13.1333333333333,2.28830555555556,""
"108","K40",NA,"Control","M",13.7,11.6,41,1.59449130477223,2,"20-11-2020","12:20","ACT","Day 10",2,"D","ACT6_2D","E_3","E",2.36,7.05,0.11,3493,1200,0,0,0,2,""
"109","K40",NA,"Control","M",13.7,11.6,41,1.59449130477223,2,"10-11-2020","16:00","ACT","Day 0",5,"H","ACT4_5H","E_3","E",7.24,43.7,0.15,9101,1038,126.7,66.1333333333333,18.5666666666667,1.50819444444444,""
"110","K40",NA,"Control","M",13.7,11.6,41,1.59449130477223,2,"12-11-2020","11:55","ACT","Day 2",3,"B","ACT5_3B","E_3","E",4.42,33.61,0.1,5753,1102,166.033333333333,10.2333333333333,3,1.45872222222222,""
"111","K41","1308","PITtagged","M",16.6,14.2,64,1.3991224004743,1,"10-11-2020","17:10","ACT","Day 0",6,"A","ACT4_6A","E_3","E",27.28,49.66,0.53,33607,507,351,140.566666666667,78.4,2.39719444444444,""
"112","K41","1308","PITtagged","M",16.6,14.2,64,1.3991224004743,1,"12-11-2020","10:45","ACT","Day 2",2,"E","ACT5_2E","E_3","E",2.54,20.84,0.06,3435,1165,31.8,28.8,17.9,2.06102777777778,""
"113","K42","1272","PIT+clip","F",14.5,12.4,53,1.73848866292181,3,"10-11-2020","17:10","ACT","Day 0",6,"B","ACT4_6B","E_3","E",30.34,53.09,0.56,37723,390,317.6,208.333333333333,109.3,2.31185911725368,""
"114","K42","1272","PIT+clip","F",14.5,12.4,53,1.73848866292181,3,"12-11-2020","10:45","ACT","Day 2",2,"G","ACT5_2G","E_3","E",22.92,50.43,0.44,28199,591,525.933333333333,332.033333333333,139.733333333333,2.73910263538308,""
"115","K42","1272","PIT+clip","F",14.5,12.4,53,1.73848866292181,3,"20-11-2020","12:20","ACT","Day 10",2,"C","ACT6_2C","E_3","E",2.46,7.21,0.1,3554,1198,0,0,0,1.99847222222222,""
"116","K43","1285","PITtagged","M",14.5,12.3,51,1.67288531715117,2,"12-11-2020","11:55","ACT","Day 2",3,"H","ACT5_3H","E_4","E",14.18,38.31,0.35,18089,842,141.966666666667,53.8,31.0666666666667,1.91625,""
"117","K43","1285","PITtagged","M",14.5,12.3,51,1.67288531715117,2,"20-11-2020","12:20","ACT","Day 10",2,"H","ACT6_2H","E_4","E",8.66,31.89,0.23,11245,1011,353.633333333333,171.3,42.7,2.45772222222222,""
"118","K43","1285","PITtagged","M",14.5,12.3,51,1.67288531715117,2,"10-11-2020","17:10","ACT","Day 0",6,"C","ACT4_6C","E_4","E",25.28,43.36,0.56,31845,454,488.3,277.833333333333,177.3,2.68733483546135,""
"119","K44","1298","PIT+clip","M",15.4,13,60,1.64281662004718,2,"20-11-2020","12:20","ACT","Day 10",2,"G","ACT6_2G","E_4","E",1.89,9.13,0.06,2726,1197,0,0,0,1.55644444444444,""
"120","K44","1298","PIT+clip","M",15.4,13,60,1.64281662004718,2,"12-11-2020","11:55","ACT","Day 2",3,"D","ACT5_3D","E_4","E",14.49,47.44,0.28,18226,888,538.766666666667,206.9,109.966666666667,2.58220350877193,""
"121","K44","1298","PIT+clip","M",15.4,13,60,1.64281662004718,2,"10-11-2020","17:10","ACT","Day 0",6,"D","ACT4_6D","E_4","E",40.83,59.2,0.68,51363,269,277.366666666667,42.5333333333333,23.7666666666667,2.15361111111111,""
"122","K45",NA,"Control","M",14.4,12.4,45,1.50704089506173,2,"12-11-2020","11:55","ACT","Day 2",3,"F","ACT5_3F","E_4","E",3.58,39.05,0.07,4627,1155,189.266666666667,96.8333333333333,85.8333333333333,2.30711111111111,"v small wound"
"123","K45",NA,"Control","M",14.4,12.4,45,1.50704089506173,2,"10-11-2020","17:10","ACT","Day 0",6,"E","ACT4_6E","E_4","E",14.07,60.43,0.22,17312,946,453.7,116.8,72.2,2.52402777777778,"v small wound"
"124","K46","1408","PITtagged","M",12.5,10.5,27,1.3824,3,"12-11-2020","11:55","ACT","Day 2",3,"C","ACT5_3C","E_4","E",2.6,51.09,0.03,3444,1162,15.6,6,3.26666666666667,1.05377777777778,""
"125","K46","1408","PITtagged","M",12.5,10.5,27,1.3824,3,"20-11-2020","13:18","ACT","Day 10",3,"A","ACT6_3A","E_4","E",1.87,11.39,0.05,2698,1197,0,0,0,1,""
"126","K46","1408","PITtagged","M",12.5,10.5,27,1.3824,3,"10-11-2020","17:10","ACT","Day 0",6,"F","ACT4_6F","E_4","E",15.9,66.11,0.23,19622,945,684.2,380.233333333333,268.666666666667,2.89161111111111,""
"127","K47","1292","PIT+clip","F",13.6,11.6,44,1.74918583350295,2,"12-11-2020","11:55","ACT","Day 2",3,"E","ACT5_3E","E_4","E",7.04,43.72,0.14,8822,1036,73.4333333333333,34.3333333333333,14.9666666666667,1.35575,"minor scale damage"
"128","K47","1292","PIT+clip","F",13.6,11.6,44,1.74918583350295,2,"10-11-2020","17:10","ACT","Day 0",6,"G","ACT4_6G","E_4","E",6.98,55.81,0.11,8739,1084,23.5666666666667,0,0,1.22419444444444,"minor scale damage"
"129","K47","1292","PIT+clip","F",13.6,11.6,44,1.74918583350295,2,"20-11-2020","12:20","ACT","Day 10",2,"F","ACT6_2F","E_4","E",1.83,5.92,0.03,2587,1200,0,0,0,2,"minor scale damage"
"130","K48",NA,"Control","M",16,13.9,77,1.8798828125,1,"12-11-2020","11:55","ACT","Day 2",3,"G","ACT5_3G","E_4","E",24.24,46.78,0.5,30213,582,542.566666666667,205.266666666667,60.3,2.6247774315602,""
"131","K48",NA,"Control","M",16,13.9,77,1.8798828125,1,"10-11-2020","17:10","ACT","Day 0",6,"H","ACT4_6H","E_4","E",25.32,50.8,0.48,32021,555,657.466666666667,175.4,83.4,2.7435,""
